code,system
B571.00,readv2
B576.00,readv2
B562300,readv2
B565.00,readv2
B560200,readv2
B587.00,readv2
B581200,readv2
B58y200,readv2
B581100,readv2
B560600,readv2
B564.00,readv2
B560500,readv2
B594.00,readv2
B582100,readv2
ByuC600,readv2
B57y.00,readv2
B58..00,readv2
B57..00,readv2
4M23.00,readv2
B56y.00,readv2
B58y500,readv2
B561z00,readv2
B58y411,readv2
B590.11,readv2
B560900,readv2
B561000,readv2
B561400,readv2
B564z00,readv2
ByuC700,readv2
B563z00,readv2
B563.00,readv2
B561200,readv2
B57z.00,readv2
B581.00,readv2
B570.00,readv2
B574000,readv2
B575.00,readv2
B576200,readv2
B58..11,readv2
B583000,readv2
B592X00,readv2
B56z.00,readv2
B585000,readv2
B577.11,readv2
B582z00,readv2
B583100,readv2
B564000,readv2
B586.00,readv2
B560.00,readv2
B57..12,readv2
B575100,readv2
B574z00,readv2
BB13.00,readv2
B561600,readv2
BB13.11,readv2
B582200,readv2
ByuC500,readv2
B58z.00,readv2
B580.00,readv2
B58y000,readv2
B56..11,readv2
B582500,readv2
B560700,readv2
B560z00,readv2
B576000,readv2
B576z00,readv2
B581000,readv2
B560800,readv2
B58yz00,readv2
B581z00,readv2
B58y100,readv2
B58y300,readv2
BB14.00,readv2
B576100,readv2
B582300,readv2
B560100,readv2
B58y600,readv2
B561300,readv2
B573.00,readv2
B561800,readv2
5A12.00,readv2
B563200,readv2
B585.00,readv2
B563100,readv2
BB03.12,readv2
ByuC300,readv2
B562400,readv2
B574.00,readv2
ByuC200,readv2
B590.00,readv2
5136.00,readv2
B562.00,readv2
B592.00,readv2
B565z00,readv2
B562100,readv2
B58y900,readv2
B583200,readv2
B562z00,readv2
BB03.11,readv2
B584.00,readv2
B562200,readv2
B561900,readv2
BB03.13,readv2
B58y400,readv2
4M14.00,readv2
B58y.00,readv2
B582600,readv2
ByuC400,readv2
B563000,readv2
B562000,readv2
B561.00,readv2
B57..11,readv2
BB02.00,readv2
BB03.00,readv2
B58y700,readv2
B582.00,readv2
B561700,readv2
B572.00,readv2
B583.00,readv2
B58y211,readv2
B563300,readv2
B560300,readv2
B582000,readv2
B560000,readv2
ByuC.00,readv2
B561500,readv2
B583z00,readv2
B575z00,readv2
B564100,readv2
B59z.00,readv2
B577.00,readv2
B591.00,readv2
B565300,readv2
B575000,readv2
B565000,readv2
B574200,readv2
B59..00,readv2
B582400,readv2
B560400,readv2
BB5D.00,readv2
ZV10415,readv2
B122.00,readv2
BB49.00,readv2
ZLA2800,readv2
ZR38.11,readv2
BBP5.00,readv2
BBb0.00,readv2
B517300,readv2
9h8..00,readv2
BBB6100,readv2
5AZ..00,readv2
1426.00,readv2
B161000,readv2
B600700,readv2
5151.00,readv2
F4H5100,readv2
B55y100,readv2
B221.00,readv2
Byu2100,readv2
BB9K.00,readv2
B59zX00,readv2
B051100,readv2
BB2E.00,readv2
B104.00,readv2
BB9B.00,readv2
ByuA100,readv2
B08z.00,readv2
B151200,readv2
Byu4.00,readv2
Byu7300,readv2
BBV9.00,readv2
B113.00,readv2
BBQ1000,readv2
B13..00,readv2
Byu5100,readv2
B501.00,readv2
B333000,readv2
BBQ7z00,readv2
5A8..00,readv2
B305z00,readv2
BBM8.00,readv2
B54y.00,readv2
Byu..00,readv2
BBB..00,readv2
B430300,readv2
ZV10416,readv2
B15z.00,readv2
B51yz00,readv2
B55y000,readv2
BBDC.00,readv2
BBa2.00,readv2
BB5D300,readv2
B337100,readv2
B48y100,readv2
BBL3.12,readv2
BBQ7212,readv2
BBHZ.00,readv2
BB9..00,readv2
BB5W111,readv2
B121.00,readv2
BBDB.00,readv2
BB5y300,readv2
8CEB.00,readv2
BB82114,readv2
BBd0.00,readv2
B517100,readv2
B550000,readv2
BBT0.12,readv2
B311500,readv2
Byu0.00,readv2
B550500,readv2
BBMz.00,readv2
B350.00,readv2
ZV10411,readv2
BBLE.00,readv2
5135.00,readv2
4M1..00,readv2
B308D00,readv2
B300000,readv2
B062000,readv2
BBb8.00,readv2
BBW7.00,readv2
7130500,readv2
B001000,readv2
B180100,readv2
B441.00,readv2
B4A1.00,readv2
5963.00,readv2
B6...11,readv2
B115.00,readv2
BBs0.11,readv2
B51y.00,readv2
591..00,readv2
BBd6.00,readv2
BBJB.00,readv2
B327600,readv2
B150z00,readv2
BB0z.00,readv2
B315.00,readv2
BB16.00,readv2
BB5R.00,readv2
515..00,readv2
5942.00,readv2
BBb3.13,readv2
B35..00,readv2
BBs2.00,readv2
B300100,readv2
Byu3.00,readv2
BBd2.00,readv2
BBbB.11,readv2
B336.00,readv2
4M4..00,readv2
B241.00,readv2
B49..00,readv2
7L18200,readv2
7H60000,readv2
B323100,readv2
5917.00,readv2
BBR1.12,readv2
7H60200,readv2
BBba.00,readv2
BBd3.00,readv2
BBQ1z00,readv2
B34y000,readv2
BBQ7500,readv2
B42..00,readv2
BB60100,readv2
B205.00,readv2
B323400,readv2
B300400,readv2
5A3..00,readv2
B17y.00,readv2
B505.00,readv2
BB53.00,readv2
B48..00,readv2
BBQ9.00,readv2
B066.00,readv2
B337.00,readv2
8HN..00,readv2
7K13500,readv2
5962.00,readv2
BB91.11,readv2
B111.00,readv2
B555.00,readv2
9N4S.00,readv2
B14z.00,readv2
BB5B300,readv2
B111z00,readv2
B303200,readv2
BB5z.00,readv2
B34..11,readv2
BBa4.11,readv2
ZV10.00,readv2
B333400,readv2
B22z.11,readv2
B054.00,readv2
BBE1.11,readv2
B17yz00,readv2
Byu7100,readv2
B323z00,readv2
B201z00,readv2
9N1y800,readv2
B0zz.00,readv2
B0z..00,readv2
7130200,readv2
B470200,readv2
BBZG.11,readv2
B300z00,readv2
B431.00,readv2
B1z1100,readv2
BB5T100,readv2
B102.00,readv2
142..13,readv2
BBX1.12,readv2
14A7.00,readv2
BB82111,readv2
B302000,readv2
B306100,readv2
B335.00,readv2
BB5cz00,readv2
B340.00,readv2
BBK3200,readv2
BBh0.11,readv2
B312300,readv2
BBk8.00,readv2
BB6z.00,readv2
BB1G.00,readv2
7L19300,readv2
BBC9.00,readv2
B13y.00,readv2
B410z00,readv2
B487.00,readv2
B201100,readv2
B05y.00,readv2
BB85z00,readv2
ZG42.00,readv2
ZV10019,readv2
BBb3.12,readv2
BB19.00,readv2
B524200,readv2
B170.00,readv2
BB1J.00,readv2
B517z00,readv2
7H60400,readv2
B625z00,readv2
7130300,readv2
B064000,readv2
B470z00,readv2
B311000,readv2
B50z.00,readv2
BBb7.00,readv2
B161200,readv2
8BC6.00,readv2
B653000,readv2
8BAD.00,readv2
BBQA100,readv2
BB5S212,readv2
B542100,readv2
B35z.00,readv2
B523z00,readv2
B223000,readv2
B303000,readv2
B627A00,readv2
BB5D100,readv2
5A7..00,readv2
ZV67100,readv2
BB5S211,readv2
B41y100,readv2
BB5D513,readv2
B48y200,readv2
B326500,readv2
BBEG000,readv2
7130512,readv2
BB82112,readv2
BB5S200,readv2
B485.00,readv2
BBXz.00,readv2
BB5j200,readv2
5975.00,readv2
B325800,readv2
B2...00,readv2
BBC6.00,readv2
B410100,readv2
B540z00,readv2
5152.00,readv2
BB5R600,readv2
ByuE.00,readv2
592Z.00,readv2
B306500,readv2
B674.00,readv2
B520000,readv2
B35z000,readv2
B18y700,readv2
BBYz.00,readv2
B00..00,readv2
142..15,readv2
BBQ2.00,readv2
4KJ2.00,readv2
BBD4.11,readv2
ZV10014,readv2
B000.00,readv2
B327500,readv2
BBK0311,readv2
BB5U100,readv2
B52..00,readv2
B213000,readv2
BBC6z11,readv2
BB85.00,readv2
BB5jz00,readv2
BBn2.00,readv2
BBd1.00,readv2
BBC6011,readv2
B160.11,readv2
BB5Vz00,readv2
B671.11,readv2
B47z.00,readv2
BBTK.00,readv2
B313000,readv2
B334000,readv2
BB80.00,readv2
BBC0.00,readv2
B335200,readv2
BBmK.00,readv2
BBZJ.00,readv2
B542.00,readv2
B24y.00,readv2
BB9J.11,readv2
B331100,readv2
B45y.00,readv2
1423.00,readv2
BBTDz00,readv2
7L1e.00,readv2
5A8Z.00,readv2
B4A2.00,readv2
B443.00,readv2
B450.00,readv2
B553z00,readv2
5144.00,readv2
BB36.00,readv2
ZV10214,readv2
B303.00,readv2
BBF4.00,readv2
BBY..00,readv2
BBd1.11,readv2
BBZC.00,readv2
5A4Z.00,readv2
B073200,readv2
B520100,readv2
B494.00,readv2
BBW8.00,readv2
B507100,readv2
B410.00,readv2
B430.00,readv2
BBb2.00,readv2
BB5hz00,readv2
BBJ5.00,readv2
B335z00,readv2
B134.00,readv2
B22..00,readv2
B131.00,readv2
B07z.00,readv2
ZLE3.00,readv2
BBD7.11,readv2
BB5f600,readv2
BBL7100,readv2
B311300,readv2
B320.00,readv2
B4A1000,readv2
B200200,readv2
B49z.00,readv2
BBa1.00,readv2
BBm1.00,readv2
B000100,readv2
ByuB.00,readv2
B030.00,readv2
B514.00,readv2
BBN4.00,readv2
BBLA.11,readv2
B337900,readv2
4F32.00,readv2
B230.00,readv2
B200.00,readv2
142..12,readv2
BB1L.00,readv2
B140.00,readv2
9Ok5.00,readv2
BB2D.00,readv2
B307100,readv2
4M3..00,readv2
1422.00,readv2
B43y.00,readv2
B550300,readv2
B6y0.00,readv2
Byu2400,readv2
B333z00,readv2
BB1E.00,readv2
B313100,readv2
B524000,readv2
B111100,readv2
B345.00,readv2
BBP8.00,readv2
BBl0.00,readv2
BBW2.11,readv2
BB5R900,readv2
Byu1300,readv2
5A3Z.00,readv2
BBm2.00,readv2
7G04y11,readv2
BB1B.00,readv2
Byu2300,readv2
BBbU.00,readv2
B23z.00,readv2
ZV10212,readv2
8CL1.00,readv2
B224z00,readv2
B221z00,readv2
BBa0.00,readv2
B172.00,readv2
B630000,readv2
BBW9.00,readv2
BBW4.00,readv2
BBQz.00,readv2
B222100,readv2
BB5..00,readv2
ZV10y15,readv2
B137.00,readv2
B336100,readv2
B326100,readv2
B510.00,readv2
5A81.00,readv2
BBD1.00,readv2
B545000,readv2
B020.00,readv2
B232.00,readv2
BB5D500,readv2
B01y.00,readv2
B55yz00,readv2
7G03K00,readv2
BB04.00,readv2
BBm3.00,readv2
BB81800,readv2
BBLM.00,readv2
ZL62800,readv2
Byu1200,readv2
B17z.00,readv2
B303100,readv2
7K13900,readv2
B14y.00,readv2
Byu7.00,readv2
BB5c.00,readv2
BBK..00,readv2
BB56.00,readv2
B062300,readv2
B327z00,readv2
BB5B.00,readv2
1425.00,readv2
B20y.00,readv2
BBl1.00,readv2
BBC0.12,readv2
BBd1.12,readv2
B517.00,readv2
BBd4.00,readv2
BBb4.00,readv2
B4A0000,readv2
B03..00,readv2
B150.00,readv2
BB70.00,readv2
B53..00,readv2
5941.00,readv2
B302.00,readv2
B493.00,readv2
BB17.00,readv2
B000z00,readv2
BBE1.12,readv2
B1z2.00,readv2
BBAz.00,readv2
B206.00,readv2
BBR0.00,readv2
BBC0.13,readv2
L241100,readv2
B451z00,readv2
B524300,readv2
7H60111,readv2
BB94.00,readv2
B313z00,readv2
BBa3.00,readv2
BBEa.00,readv2
L241300,readv2
B100.00,readv2
ZV10011,readv2
BB2C.00,readv2
B430211,readv2
B4y..00,readv2
B241300,readv2
B31y.00,readv2
B51..00,readv2
B300C00,readv2
B013.00,readv2
B074.00,readv2
B512000,readv2
BBp1.00,readv2
BBW0.12,readv2
5146.00,readv2
PE1..12,readv2
BB1A.00,readv2
BBC5.00,readv2
B18z.00,readv2
ByuF900,readv2
B1z1.00,readv2
B626z00,readv2
BB5D.11,readv2
7H60600,readv2
BBR1.00,readv2
B600z00,readv2
BBh2.00,readv2
B12..00,readv2
B32y000,readv2
B062z00,readv2
B013z00,readv2
B542z00,readv2
BBPz.00,readv2
B625.11,readv2
B067.00,readv2
BBd8.00,readv2
BB5j.00,readv2
B312100,readv2
BB5V.00,readv2
B550.00,readv2
BB24.12,readv2
BBb5.00,readv2
BBET.00,readv2
ZV10414,readv2
B003000,readv2
8O83.00,readv2
B222.00,readv2
BBLG.00,readv2
B220.00,readv2
BBR1.11,readv2
BBK2100,readv2
ZV10017,readv2
1O0..00,readv2
B486.00,readv2
B1...11,readv2
B06z.00,readv2
B21z.00,readv2
ZV10016,readv2
BBb..00,readv2
B471.00,readv2
BBV2.00,readv2
BB6A.00,readv2
BBA0.00,readv2
BBGF.00,readv2
B520.00,readv2
142B.00,readv2
B073z00,readv2
BB1J.12,readv2
B303500,readv2
Byu3200,readv2
BBB1.11,readv2
B003200,readv2
B073.00,readv2
BBV..00,readv2
B452.00,readv2
5A16.00,readv2
B34y.00,readv2
B307200,readv2
B11y100,readv2
ZV10000,readv2
B4A4.00,readv2
B33..15,readv2
BBQ7012,readv2
7K13700,readv2
BBQ4.12,readv2
7L1b.00,readv2
B04z.00,readv2
Byu4300,readv2
9Ok1.00,readv2
BBF5.11,readv2
B622.00,readv2
BBcA.00,readv2
1427.00,readv2
5AB..00,readv2
B6y0.11,readv2
B23y.00,readv2
B007.00,readv2
BB81z00,readv2
BB5R100,readv2
B6y1.00,readv2
B546.00,readv2
B524600,readv2
BB5B600,readv2
B52z.00,readv2
B110100,readv2
B10z.00,readv2
677K.00,readv2
BBmE.00,readv2
B510000,readv2
B001100,readv2
B325300,readv2
ZV10513,readv2
B325z00,readv2
8BC3.00,readv2
BBA2.00,readv2
BBK3.00,readv2
B322.00,readv2
4M11.00,readv2
BBM0.00,readv2
B223100,readv2
B540.11,readv2
B336z00,readv2
ByuFF00,readv2
B21y.00,readv2
BBB2.11,readv2
B490.00,readv2
BB47.00,readv2
B056.00,readv2
BB4..00,readv2
B55y.00,readv2
BBbA.00,readv2
BBM0100,readv2
BBe9.00,readv2
BB52.00,readv2
BBF2.00,readv2
B327400,readv2
4KJ1.00,readv2
B333200,readv2
B335800,readv2
8BAV.00,readv2
B451000,readv2
Byu5800,readv2
BBT..00,readv2
BB5T.00,readv2
BB69.00,readv2
BB5B100,readv2
BB85111,readv2
B014.00,readv2
BBX2.00,readv2
B43..00,readv2
5A84.00,readv2
BBQ0.00,readv2
B011z00,readv2
ZV10018,readv2
BB5D111,readv2
B500100,readv2
BBQ7100,readv2
BBT1.00,readv2
B226.00,readv2
BBa4.00,readv2
BB81E00,readv2
B33z000,readv2
B0z1.00,readv2
B622z00,readv2
B325500,readv2
B450z00,readv2
7H60.00,readv2
B213100,readv2
B521.00,readv2
B305.00,readv2
B480.00,readv2
B625.00,readv2
B222.11,readv2
BBZ2.11,readv2
B151z00,readv2
4KJ..00,readv2
BBKz.00,readv2
B630.11,readv2
B300.00,readv2
BBB7.00,readv2
BB5H.00,readv2
7L1K300,readv2
B44y.00,readv2
BBb8.11,readv2
BB5X100,readv2
B4A3.00,readv2
B30W.00,readv2
B222z00,readv2
B325600,readv2
BBd2.11,readv2
BB5X.00,readv2
B311.00,readv2
B626.00,readv2
B483.00,readv2
B525.00,readv2
5974.00,readv2
BB94.11,readv2
ByuC000,readv2
B55..00,readv2
BB71.00,readv2
BBG8.00,readv2
B324z00,readv2
B010000,readv2
BBK0200,readv2
B334100,readv2
B335A00,readv2
B543.00,readv2
BBV1.00,readv2
7H60z00,readv2
BBbV.00,readv2
BBc..00,readv2
BB62100,readv2
BBD9.00,readv2
4M10.00,readv2
BBK3700,readv2
9Ok..00,readv2
5A74.00,readv2
BB26.11,readv2
BBDA.00,readv2
H51y700,readv2
BB5M100,readv2
BB43.00,readv2
14P7.00,readv2
ZV67600,readv2
BBQ6.00,readv2
BBP9.00,readv2
B135.00,readv2
B410000,readv2
B621z00,readv2
9h82.00,readv2
BBV3.00,readv2
BBbL.00,readv2
B495.00,readv2
B333100,readv2
BB5H.11,readv2
593..00,readv2
B325000,readv2
B47z.11,readv2
B064.00,readv2
BB5Xz00,readv2
B48y000,readv2
Byu7000,readv2
BB2J.00,readv2
B501z00,readv2
BBc7.11,readv2
8BAa.00,readv2
BBcC.00,readv2
BBJ7.00,readv2
B304300,readv2
BBd7.00,readv2
BBW4.11,readv2
B13z.11,readv2
B327200,readv2
B021.00,readv2
BBR1.13,readv2
BBrA312,readv2
BB5B011,readv2
BB07.00,readv2
Byu5.00,readv2
BBd9.00,readv2
BBLz.00,readv2
B337700,readv2
8HH8.00,readv2
BBbT.00,readv2
B325200,readv2
B310100,readv2
BBTL.00,readv2
B326400,readv2
BB5R500,readv2
BBB2.00,readv2
8HB7.00,readv2
7L16100,readv2
B310z00,readv2
5A21.00,readv2
8CM0.00,readv2
B471100,readv2
B550200,readv2
B224000,readv2
B1z0.00,readv2
1423.11,readv2
B241000,readv2
B055z00,readv2
ByuF300,readv2
B064z00,readv2
B300800,readv2
BBVz.00,readv2
B18y100,readv2
BBCB.00,readv2
BBV4.00,readv2
B337400,readv2
B022.00,readv2
B3...11,readv2
B004000,readv2
B16z.00,readv2
7130.11,readv2
B517000,readv2
B211.00,readv2
B33y.00,readv2
5A45.00,readv2
5912.00,readv2
B000000,readv2
B042.00,readv2
F373.00,readv2
ZLE3100,readv2
BBrA300,readv2
BBC9.13,readv2
B521z00,readv2
BBB6z00,readv2
B315100,readv2
BBEQ.00,readv2
ByuA000,readv2
BBQ7300,readv2
BBK0400,readv2
BBCA.00,readv2
B553000,readv2
BBX..00,readv2
BB2z.00,readv2
BBc9z00,readv2
8HB6.00,readv2
B630200,readv2
B300700,readv2
B212.00,readv2
B307z00,readv2
D212000,readv2
ZV10512,readv2
B060000,readv2
Byu8200,readv2
B315z00,readv2
B315000,readv2
B21..00,readv2
ZV10015,readv2
B350000,readv2
BBDF.00,readv2
BBbz.00,readv2
B150300,readv2
BB5y400,readv2
5145.00,readv2
BBK2.00,readv2
BBL7.11,readv2
B180200,readv2
BBVA.00,readv2
BB61100,readv2
9b9I.00,readv2
5A2Z.00,readv2
B064100,readv2
B2z..00,readv2
B312.00,readv2
8CP0.00,readv2
B600000,readv2
9NX1.00,readv2
5A28.00,readv2
4D56.00,readv2
B550100,readv2
BBDz.00,readv2
B003100,readv2
BBK0.00,readv2
1421.00,readv2
ZG42200,readv2
BBF5.00,readv2
BBL8.00,readv2
5A15.00,readv2
B332000,readv2
B551z00,readv2
BB9M.00,readv2
B11y000,readv2
ByuA300,readv2
8BAD000,readv2
BBm6.00,readv2
BBL6.00,readv2
BB5RA00,readv2
1428.00,readv2
ZV10y11,readv2
B47z.12,readv2
BBbR.00,readv2
B118.00,readv2
BBE1.14,readv2
B201200,readv2
B313.00,readv2
BB2F.00,readv2
ByuB100,readv2
B107.00,readv2
B623z00,readv2
B310.00,readv2
BBe5.11,readv2
BBF1.00,readv2
B350100,readv2
B2...11,readv2
BBGP.00,readv2
BBR..00,readv2
B41y.00,readv2
BBE1000,readv2
B0z0.00,readv2
BBJ3.00,readv2
B308B00,readv2
B300600,readv2
B500000,readv2
Byu5000,readv2
B334.00,readv2
B16y.00,readv2
7L1dy00,readv2
BBZN.11,readv2
BB84.00,readv2
BB1N.00,readv2
B30X.00,readv2
BBA1.00,readv2
BBC3000,readv2
BB9F.00,readv2
BBR4.00,readv2
B302100,readv2
A789500,readv2
Byu2.00,readv2
B101.00,readv2
B332200,readv2
BBG3.00,readv2
BB5Y.00,readv2
ZV10400,readv2
B623.00,readv2
BB5S.00,readv2
B12y.00,readv2
B327000,readv2
BB26.00,readv2
B300500,readv2
B01..00,readv2
B1z0.11,readv2
B553100,readv2
BB09.00,readv2
B2zz.00,readv2
B23..00,readv2
7932400,readv2
B050.00,readv2
BBp..00,readv2
B510500,readv2
BB5c100,readv2
BBm0.00,readv2
B336300,readv2
ByuF600,readv2
BBEX.00,readv2
BB5Cz00,readv2
BB5D512,readv2
B071.00,readv2
ZV10200,readv2
4M01.00,readv2
B50..00,readv2
BB5D800,readv2
B133.00,readv2
B51y000,readv2
4M02.00,readv2
B337200,readv2
BBD6.00,readv2
BBC3.00,readv2
B26..00,readv2
BBK2z00,readv2
BB5F.00,readv2
142..11,readv2
BBN1.00,readv2
BBTz.00,readv2
Byu1.00,readv2
B331.00,readv2
ZV10012,readv2
B003.00,readv2
B4A1z00,readv2
BBLJ.00,readv2
B551.00,readv2
F381100,readv2
B08..00,readv2
BB5Sz00,readv2
B017.00,readv2
14CB.00,readv2
B142.11,readv2
BB5a000,readv2
B015.00,readv2
BBX1.11,readv2
BB9C.00,readv2
BBf..00,readv2
B63y.00,readv2
B002100,readv2
BBJBz00,readv2
BB55.00,readv2
BBlz.00,readv2
B62x400,readv2
B516.00,readv2
B32z.00,readv2
B481.00,readv2
9OkA.00,readv2
C13y300,readv2
B08y.00,readv2
BBV8.11,readv2
B551000,readv2
B0z2.00,readv2
4C54.00,readv2
B314.00,readv2
B220z00,readv2
8B3p.00,readv2
B503.00,readv2
5143.00,readv2
9Ok3.00,readv2
BBK0000,readv2
B061.00,readv2
BBEN.11,readv2
B500.00,readv2
B327300,readv2
B312z00,readv2
B323500,readv2
BBn..00,readv2
BBbF.00,readv2
BBbE.00,readv2
BB91000,readv2
BBNz.00,readv2
BB91.00,readv2
BBC0000,readv2
B340000,readv2
BB8z.00,readv2
B303400,readv2
B303300,readv2
Byu5900,readv2
7L10200,readv2
5A...11,readv2
5A42.00,readv2
B016.00,readv2
5A7Z.00,readv2
B308200,readv2
B311100,readv2
B430100,readv2
B335000,readv2
142Z.00,readv2
BBB4.00,readv2
B323200,readv2
BB5U.00,readv2
BBEC.00,readv2
BBbG.12,readv2
BBc9.00,readv2
7B27.13,readv2
B300200,readv2
B314000,readv2
BB5C100,readv2
B524500,readv2
B41z.00,readv2
B4Ay000,readv2
BB1D.00,readv2
6862100,readv2
BB5a.00,readv2
BBK3611,readv2
BBZP.00,readv2
B202.00,readv2
BBEW.00,readv2
B204.00,readv2
BBQ3.00,readv2
BB60.00,readv2
BBT1.11,readv2
1424.00,readv2
BB5W100,readv2
BBm1.11,readv2
BBJ8.00,readv2
BBL7111,readv2
B24X.00,readv2
B492.00,readv2
5911.00,readv2
B103.00,readv2
B223z00,readv2
B081.00,readv2
B065.00,readv2
BBV1.13,readv2
B180z00,readv2
B326200,readv2
BBd3.11,readv2
BBZN.00,readv2
BBE1100,readv2
B150100,readv2
BBb3.00,readv2
B431z00,readv2
BBa0.11,readv2
BBEV.00,readv2
BBD5.00,readv2
BBF3.00,readv2
BBF6.00,readv2
B080.00,readv2
ZV10417,readv2
B110.00,readv2
BB48.00,readv2
B4A0.00,readv2
B52W.00,readv2
B343.00,readv2
BBF..00,readv2
B513.00,readv2
BB1..00,readv2
B132.00,readv2
B553.00,readv2
BB9z.00,readv2
BB9K000,readv2
B453.00,readv2
4M5..00,readv2
4M70.00,readv2
B300B00,readv2
BB54.00,readv2
B16..00,readv2
BBp2.00,readv2
BBR8.00,readv2
B002300,readv2
BB5R800,readv2
B520z00,readv2
5914.00,readv2
B310000,readv2
BB91100,readv2
BB81.11,readv2
B33..00,readv2
B05..00,readv2
BB5h100,readv2
BBb0.11,readv2
B040.00,readv2
BBCG.00,readv2
59Z..00,readv2
B524400,readv2
BBD0.00,readv2
BB85100,readv2
B600.00,readv2
B124.00,readv2
B070.00,readv2
B00..11,readv2
B47..00,readv2
BBc2.00,readv2
BBbG.11,readv2
BBW7.11,readv2
B550z00,readv2
B432.00,readv2
BBCC100,readv2
B00z000,readv2
B310200,readv2
BBD3.00,readv2
BB5Wz00,readv2
BB5y.00,readv2
L241000,readv2
B1zy.00,readv2
B333.00,readv2
B336000,readv2
Byu5300,readv2
B02y.00,readv2
B173.00,readv2
B313200,readv2
5A4..11,readv2
BBQ4.00,readv2
BBJ1.00,readv2
B471z00,readv2
BBLA.00,readv2
BBDD.00,readv2
BB9L.00,readv2
BB29.13,readv2
B05z000,readv2
BBbB.00,readv2
B540100,readv2
B06..00,readv2
B51y200,readv2
B335900,readv2
BB5y000,readv2
BB1C.00,readv2
5A46.00,readv2
BBp0.00,readv2
BBbC.00,readv2
B44..00,readv2
ZV10112,readv2
142..14,readv2
7H60900,readv2
B161z00,readv2
B510300,readv2
9OkB.00,readv2
B301.00,readv2
BBG1.00,readv2
BB5a011,readv2
B431000,readv2
BB40.00,readv2
BBdA.00,readv2
BBRz.00,readv2
Byu9000,readv2
B540000,readv2
B20..00,readv2
BBGJ.00,readv2
BB5P.00,readv2
BBb0.12,readv2
B0zy.00,readv2
BBf0.00,readv2
B1z1z00,readv2
B337000,readv2
B55y200,readv2
BBN..00,readv2
BBe3.00,readv2
BBGK.12,readv2
BB9H.00,readv2
B440.00,readv2
B347.00,readv2
7B27900,readv2
BB81B00,readv2
ZV10y12,readv2
B11..11,readv2
B32..00,readv2
4KJ0.00,readv2
B335100,readv2
4M...00,readv2
B22y.00,readv2
BB81500,readv2
BBY0.00,readv2
B117.00,readv2
BB82.00,readv2
ZV67B00,readv2
B200z00,readv2
B508.00,readv2
BBQ..00,readv2
B04..00,readv2
B325100,readv2
B336500,readv2
B510100,readv2
B055000,readv2
Byu2000,readv2
B4Az.00,readv2
5961.00,readv2
BB5R000,readv2
BBW6.00,readv2
Byu2500,readv2
BB5K.00,readv2
B504.00,readv2
B063.00,readv2
B32y.00,readv2
B224.00,readv2
ByuA200,readv2
BBEP.00,readv2
BBGJ.11,readv2
BBLH.00,readv2
B507.00,readv2
B48z.00,readv2
B114.00,readv2
B06y.00,readv2
142..00,readv2
B4A..11,readv2
B450100,readv2
B517200,readv2
B214.00,readv2
4M72.00,readv2
BBZD.11,readv2
B18..00,readv2
ZV10100,readv2
B33..14,readv2
BBf2.00,readv2
BBk5.00,readv2
5149.00,readv2
B306.00,readv2
B20z.00,readv2
B314z00,readv2
BBX0.00,readv2
596..00,readv2
B060.00,readv2
BBl..00,readv2
BBd2.12,readv2
B141.12,readv2
B510400,readv2
7130.00,readv2
B653100,readv2
B072.00,readv2
BBE4.00,readv2
BB81.14,readv2
B10z.11,readv2
8BAY.00,readv2
B321.00,readv2
B46..00,readv2
BB5Dz00,readv2
BBR2.00,readv2
B310300,readv2
B308100,readv2
BBa..00,readv2
B332z00,readv2
B306200,readv2
B554.00,readv2
BBL7.00,readv2
BB7..00,readv2
B311200,readv2
B593.00,readv2
BBQ7011,readv2
B54..00,readv2
BB5az00,readv2
BB2B.00,readv2
8BAI.00,readv2
B4...11,readv2
B510z00,readv2
Byu5700,readv2
BB5W.00,readv2
B130.00,readv2
BB81E11,readv2
B33z.00,readv2
B484.00,readv2
B512z00,readv2
BB5J.00,readv2
ZV10511,readv2
B106.00,readv2
B142000,readv2
B308800,readv2
B4Ay.00,readv2
ZV67200,readv2
BBN5.00,readv2
5A...00,readv2
5922.00,readv2
B07..00,readv2
B35zz00,readv2
BB18.00,readv2
B49y.00,readv2
8CP1.00,readv2
8HMD.00,readv2
BBB5.00,readv2
BB2A.11,readv2
5154.00,readv2
BB2N.00,readv2
Byu8000,readv2
BBEN.00,readv2
B324100,readv2
B17..00,readv2
BB5y200,readv2
515Z.00,readv2
B11..00,readv2
B30..00,readv2
ZR38.00,readv2
B153.00,readv2
ZV10z00,readv2
5AC..00,readv2
BBK3100,readv2
BB5Uz00,readv2
B511.00,readv2
B670.11,readv2
BB5J.11,readv2
BB5Rz00,readv2
ZVu3L00,readv2
B12z.00,readv2
BBd..00,readv2
B053.00,readv2
B411.00,readv2
BB9B.11,readv2
B151400,readv2
BB80100,readv2
B327100,readv2
BBE..00,readv2
BBES.00,readv2
B340z00,readv2
B02z.00,readv2
BBZF.00,readv2
B10y.00,readv2
B346.00,readv2
B314100,readv2
Byu3100,readv2
BB5Tz00,readv2
B335300,readv2
BBQB.00,readv2
BB5W112,readv2
BBF4.11,readv2
BBn3.00,readv2
BBL9.00,readv2
B051000,readv2
BBL7200,readv2
BB5Bz00,readv2
B551100,readv2
B221100,readv2
9e00.00,readv2
F456400,readv2
B18y400,readv2
4C44.00,readv2
BB7z.00,readv2
A788W00,readv2
7L1dz00,readv2
BB1F.00,readv2
F396200,readv2
BBC7.00,readv2
B120.00,readv2
B18y500,readv2
597Z.00,readv2
B337z00,readv2
BB4B.00,readv2
BBHz.00,readv2
B302200,readv2
BB5f100,readv2
BBLD.00,readv2
BBK3z00,readv2
B306z00,readv2
B223.00,readv2
B011.00,readv2
4M6..00,readv2
B305000,readv2
BBZG.00,readv2
B454.00,readv2
B327.00,readv2
B300900,readv2
B306400,readv2
BB5V700,readv2
7H60300,readv2
B48yz00,readv2
L241.00,readv2
BBv..00,readv2
BB2A.12,readv2
8HKD.00,readv2
BBQ7400,readv2
B327900,readv2
B240.00,readv2
ByuC100,readv2
B11y.00,readv2
B071100,readv2
B41yz00,readv2
B304400,readv2
BB12.00,readv2
59...11,readv2
594..00,readv2
BB9G.00,readv2
BB5f.00,readv2
4M13.00,readv2
BBdz.00,readv2
ZV10111,readv2
B224100,readv2
B111000,readv2
ZL22800,readv2
1423.12,readv2
7G03J00,readv2
B550400,readv2
5A9..00,readv2
7L1d.00,readv2
B312500,readv2
BBDE.00,readv2
B336200,readv2
B304000,readv2
BB5U200,readv2
ZLD7D00,readv2
BBEG.11,readv2
B34..00,readv2
BBbL.11,readv2
B323.00,readv2
B161100,readv2
BBH0.00,readv2
BBEz.00,readv2
B491.00,readv2
B496.00,readv2
BB61200,readv2
B62x500,readv2
B41..00,readv2
9Ok0.00,readv2
59...00,readv2
BB62.00,readv2
BBb9.00,readv2
B45..00,readv2
B41..11,readv2
B221000,readv2
B00z100,readv2
BBEH.00,readv2
B241200,readv2
5A13.00,readv2
BBCCz11,readv2
BBEU.11,readv2
B520200,readv2
B497.00,readv2
B340100,readv2
ByuE000,readv2
B322000,readv2
B112.00,readv2
BBbQ.00,readv2
BB5a012,readv2
BBTA.00,readv2
B335400,readv2
BBb2.11,readv2
Byu4100,readv2
B082.00,readv2
B010.11,readv2
9Ok9.00,readv2
7046200,readv2
5953.00,readv2
BB5y100,readv2
B052.00,readv2
BBcC.11,readv2
B627911,readv2
B03z.00,readv2
BBC..00,readv2
BBV1.12,readv2
L241200,readv2
BB5Mz00,readv2
B451.00,readv2
B242.00,readv2
B0...00,readv2
5155.00,readv2
BBe4.00,readv2
B544.00,readv2
B1zz.00,readv2
BBL7112,readv2
BB81.13,readv2
5AA..00,readv2
BBQ4.14,readv2
BBJ5.12,readv2
BBc7.00,readv2
BB5f200,readv2
67D2.00,readv2
B151.00,readv2
B3...12,readv2
BBc0100,readv2
ZVu6J00,readv2
BBD4.00,readv2
B326z00,readv2
B331200,readv2
ByuFG00,readv2
BBG2.11,readv2
ZV10500,readv2
B003300,readv2
1428.12,readv2
BB9J.00,readv2
B51z.00,readv2
B312200,readv2
BBEA.00,readv2
8CR8.00,readv2
ZV10300,readv2
5A33.00,readv2
B540.00,readv2
B215.00,readv2
B161211,readv2
BBP7.00,readv2
7H60100,readv2
BB81H00,readv2
BB46.00,readv2
BBU4.11,readv2
B2z0.00,readv2
BBbS.00,readv2
ZV10y14,readv2
B40..00,readv2
BB5C.00,readv2
BBH1.00,readv2
BB5..11,readv2
B325.00,readv2
1425000,readv2
B312400,readv2
9Ok6.00,readv2
BBb3.11,readv2
BB2G.00,readv2
B083.00,readv2
B001.00,readv2
8BAK.00,readv2
B3z..00,readv2
B54X.00,readv2
B243.00,readv2
B11z.00,readv2
BBP..00,readv2
BB5V311,readv2
B501000,readv2
Z4B3.00,readv2
4E33.00,readv2
4M7..00,readv2
BBe2.00,readv2
B06yz00,readv2
5921.00,readv2
BB2A.13,readv2
BB5h.00,readv2
B201.00,readv2
BBEG.00,readv2
B062200,readv2
B010z00,readv2
BB43.11,readv2
B337300,readv2
BB5C011,readv2
B545100,readv2
B142.00,readv2
Byu8.00,readv2
BBR7.00,readv2
B430000,readv2
BB4A.00,readv2
B552.00,readv2
N332500,readv2
B31..00,readv2
BB69z00,readv2
BBM9.00,readv2
B522.00,readv2
BBL1.11,readv2
Byu4000,readv2
B3y..00,readv2
B306300,readv2
B050.11,readv2
B110000,readv2
8BAM.00,readv2
BB5f700,readv2
BBh0.00,readv2
BBJH.00,readv2
9Ok7.00,readv2
B304200,readv2
B225.00,readv2
8CL0.00,readv2
Bz...00,readv2
B48y.00,readv2
BB24.11,readv2
B18y.00,readv2
BBFz.00,readv2
BB61.00,readv2
BBs0.00,readv2
BBrA700,readv2
B305C00,readv2
5A62.00,readv2
BBQ7213,readv2
B213300,readv2
B07y.00,readv2
B542000,readv2
BBe7.00,readv2
BBQ1100,readv2
ZRVy.00,readv2
BBK1100,readv2
ZV67700,readv2
B18y300,readv2
B10..00,readv2
B25..00,readv2
BBrA311,readv2
B541.00,readv2
B1...00,readv2
B330.00,readv2
B308300,readv2
B150000,readv2
B326000,readv2
B545.00,readv2
B04y.00,readv2
BBG8.11,readv2
B310400,readv2
BBa5.00,readv2
BBD7.00,readv2
B02..00,readv2
BBd7.11,readv2
ZV5A000,readv2
B333300,readv2
BBR6.00,readv2
BB82100,readv2
B52y.00,readv2
ZV67900,readv2
B31z.00,readv2
BB85000,readv2
B49y000,readv2
BBQ7211,readv2
BBH..00,readv2
5153.00,readv2
ByuFA00,readv2
BB82z00,readv2
5914.11,readv2
B305100,readv2
B303z00,readv2
B213.00,readv2
BBZH.00,readv2
B150200,readv2
Byu1100,readv2
BBQ1.00,readv2
BBPX.00,readv2
BBE1.00,readv2
BBbZ.00,readv2
BBr6012,readv2
B305D00,readv2
BB5R200,readv2
B545200,readv2
BB5R611,readv2
B331000,readv2
B222000,readv2
4M00.00,readv2
B201300,readv2
BBCD.00,readv2
BBcz.00,readv2
B213z00,readv2
B062.00,readv2
BB5B500,readv2
B1z..00,readv2
B34yz00,readv2
BBQ7.00,readv2
B00zz00,readv2
BB5f111,readv2
BB4z.00,readv2
8BA5.11,readv2
B152.00,readv2
14CC.00,readv2
B515000,readv2
5973.00,readv2
B515.00,readv2
BBbG.00,readv2
B621000,readv2
7H60700,readv2
Byu9.00,readv2
BBbM.00,readv2
5A64.00,readv2
B17y000,readv2
B163.00,readv2
B110z00,readv2
ZL62F00,readv2
BBd5.00,readv2
B334z00,readv2
B055100,readv2
B5...00,readv2
B110111,readv2
677H.00,readv2
8BAL.00,readv2
9Ok2.00,readv2
ZV58800,readv2
B14..00,readv2
B311400,readv2
B471000,readv2
BBE1.13,readv2
BBL5.00,readv2
B412.00,readv2
B11yz00,readv2
B002.00,readv2
B105.00,readv2
Byu5011,readv2
B336400,readv2
BBCC.00,readv2
B116.00,readv2
B333500,readv2
ZV67800,readv2
B45z.00,readv2
BBE2.00,readv2
8HLD.00,readv2
BBX1.00,readv2
B524100,readv2
BBWz.00,readv2
ZV10y00,readv2
BBZz.00,readv2
B18y200,readv2
B013100,readv2
5971.00,readv2
5A4..00,readv2
BBU4.12,readv2
Z9J1112,readv2
9Nh1.00,readv2
BBs1.00,readv2
B454.11,readv2
BB5fz00,readv2
BB81200,readv2
B071z00,readv2
BBS..00,readv2
ZV58100,readv2
B307.00,readv2
Byu5B00,readv2
B440.11,readv2
B430z00,readv2
B160.00,readv2
BBk0.11,readv2
BBEN.13,readv2
B141.11,readv2
B203.00,readv2
593Z.00,readv2
BBZ2.00,readv2
BBEF.11,readv2
B524.00,readv2
B010.00,readv2
B332100,readv2
B512.00,readv2
B002200,readv2
Byu3300,readv2
BBD..00,readv2
B335500,readv2
BB8..00,readv2
BBCF.00,readv2
BBB0.00,readv2
B326.00,readv2
5142.00,readv2
B5y..00,readv2
5A26.00,readv2
BBL4.00,readv2
BB80z00,readv2
8BAJ.00,readv2
BBa4.12,readv2
B174.00,readv2
B52X.00,readv2
BB24.00,readv2
B055.00,readv2
B420.00,readv2
BBe..00,readv2
B323300,readv2
B335700,readv2
B304z00,readv2
5A73.00,readv2
B004.00,readv2
B200100,readv2
8BCF.00,readv2
4M0..00,readv2
BBbK.00,readv2
592..00,readv2
BBK3600,readv2
B5...11,readv2
BBB3.00,readv2
D212.00,readv2
BBbW.00,readv2
BBG2.00,readv2
B162.00,readv2
BBCE.00,readv2
5A53.00,readv2
B004200,readv2
B119.00,readv2
B327700,readv2
Byu5A00,readv2
B200000,readv2
B004300,readv2
5A58.00,readv2
B181.00,readv2
B45X.00,readv2
BBV8.00,readv2
BBS3.00,readv2
B337800,readv2
BBV5.00,readv2
B44z.00,readv2
B41y000,readv2
BBCCz00,readv2
BBZF.11,readv2
BBY0.11,readv2
B01z.00,readv2
B342.00,readv2
Byu6.00,readv2
B031.00,readv2
B324000,readv2
B551200,readv2
B62zz11,readv2
BB5V100,readv2
B326300,readv2
B180.00,readv2
B55z.00,readv2
7130000,readv2
BB5b.00,readv2
BBP1.00,readv2
B151000,readv2
BB5M.00,readv2
B30z000,readv2
B05z.00,readv2
B54z.00,readv2
B300A00,readv2
B241z00,readv2
BB0A.00,readv2
B24..00,readv2
BBE3.00,readv2
4M12.00,readv2
B315200,readv2
B012.00,readv2
BBGM.00,readv2
B621.00,readv2
B325700,readv2
B4...00,readv2
BB81.12,readv2
ZV66200,readv2
BB82113,readv2
BBX3.00,readv2
BBC4.00,readv2
B13z.00,readv2
B45y000,readv2
BBC0.11,readv2
BBA..00,readv2
BBR3.00,readv2
B523.00,readv2
7K13600,readv2
9NX0.00,readv2
BBK0700,readv2
B304.00,readv2
5A27.00,readv2
BB2A.00,readv2
BBX0.11,readv2
BB5V711,readv2
B4A..00,readv2
BBQA200,readv2
B327800,readv2
BBV..11,readv2
BBaz.00,readv2
B161.00,readv2
BBLC100,readv2
B316.00,readv2
BBQ7200,readv2
BBJE.00,readv2
BB57.00,readv2
B482.00,readv2
B072000,readv2
BBL0.00,readv2
B175.00,readv2
B50y.00,readv2
B470.00,readv2
B337500,readv2
BBe7.11,readv2
BBc0.00,readv2
L241z00,readv2
BBV..12,readv2
B305.12,readv2
B324.00,readv2
B18yz00,readv2
8CL2.00,readv2
B136.00,readv2
B171.00,readv2
B0...11,readv2
7H60y00,readv2
7L1ez00,readv2
B344.00,readv2
BB08.00,readv2
BB58.00,readv2
BB2C.11,readv2
BBa4.13,readv2
B502.00,readv2
8BA5.00,readv2
BBnz.00,readv2
B34z.00,readv2
BBL3.11,readv2
BBL..00,readv2
B18y600,readv2
1428.11,readv2
B2zy.00,readv2
BBGE.00,readv2
B22z.00,readv2
B335600,readv2
B307000,readv2
BBQ7000,readv2
591Z.00,readv2
B341.00,readv2
ZV10211,readv2
B062100,readv2
B470300,readv2
7130100,readv2
B006.00,readv2
B005.00,readv2
ByuA.00,readv2
B057.00,readv2
B4z..00,readv2
BBR0.11,readv2
ZLA2F00,readv2
B3...00,readv2
5A88.00,readv2
BBb1.00,readv2
B33X.00,readv2
B123.00,readv2
B332.00,readv2
597..00,readv2
B300300,readv2
9bB0.00,readv2
B306000,readv2
B24z.00,readv2
B43z.00,readv2
BB5f300,readv2
B15..00,readv2
BB1K.00,readv2
5913.00,readv2
B134.11,readv2
B51..11,readv2
B143.00,readv2
5147.00,readv2
B003z00,readv2
B071000,readv2
BBZD.00,readv2
ZL22F00,readv2
BBM7.11,readv2
B141.00,readv2
BBT7100,readv2
BBm3.12,readv2
B002z00,readv2
BBm7.00,readv2
ByuC800,readv2
B430200,readv2
ZV67A00,readv2
B5z..00,readv2
B322z00,readv2
ZV10y16,readv2
B138.00,readv2
B506.00,readv2
B653.00,readv2
B041.00,readv2
B302z00,readv2
9h81.00,readv2
B323000,readv2
Byu4200,readv2
BBEM.00,readv2
B060z00,readv2
BBV1.11,readv2
BB69100,readv2
B500z00,readv2
BB0..00,readv2
BB1M.00,readv2
BBs4.00,readv2
BBL7000,readv2
BBEU.00,readv2
BB5S400,readv2
BBR5.00,readv2
B200300,readv2
C109412,readv2
F372200,readv2
C108100,readv2
C10FA11,readv2
F381311,readv2
C108200,readv2
C10E500,readv2
F372.12,readv2
C106.12,readv2
2G5V.00,readv2
2BBW.00,readv2
C109A11,readv2
66Al.00,readv2
C10F200,readv2
C108D00,readv2
C10z.00,readv2
C10FH00,readv2
C10E111,readv2
C10F211,readv2
C10FB00,readv2
C10E600,readv2
C10FM11,readv2
C10E700,readv2
2BBX.00,readv2
C10E112,readv2
C109H12,readv2
C109B00,readv2
2G5F.00,readv2
C109C11,readv2
2G5G.00,readv2
C107.12,readv2
C10E000,readv2
Cyu2300,readv2
C10EP11,readv2
C109A00,readv2
C109111,readv2
C109511,readv2
F420200,readv2
C106100,readv2
C109211,readv2
C108512,readv2
C109300,readv2
C10EC00,readv2
C108212,readv2
C104z00,readv2
2BBS.00,readv2
C10EQ00,readv2
C10FC00,readv2
C106.00,readv2
C108J12,readv2
C109212,readv2
C109E11,readv2
C108700,readv2
C109G00,readv2
C10F311,readv2
C109G11,readv2
C107z00,readv2
C106.11,readv2
C108711,readv2
C107400,readv2
C108C00,readv2
R054300,readv2
2G5B.00,readv2
2G5W.00,readv2
C10E711,readv2
F420600,readv2
2BBL.00,readv2
C108D11,readv2
C10FA00,readv2
C108300,readv2
2G5A.00,readv2
F420800,readv2
C10FB11,readv2
C10FL11,readv2
C107100,readv2
F372.00,readv2
C105000,readv2
C106000,readv2
C109000,readv2
C106z00,readv2
C107200,readv2
C109F11,readv2
C108H00,readv2
2G5K.00,readv2
C108H11,readv2
F420400,readv2
C109512,readv2
C10EC11,readv2
2BBP.00,readv2
C108211,readv2
C104.11,readv2
C10F600,readv2
C108012,readv2
C104.00,readv2
C109H11,readv2
C107000,readv2
C109400,readv2
7276.00,readv2
C108500,readv2
C109E00,readv2
C10EC12,readv2
C108J00,readv2
C10FM00,readv2
C109C00,readv2
C108712,readv2
F420100,readv2
C10F911,readv2
C10E712,readv2
C10FQ00,readv2
2BBQ.00,readv2
F420.00,readv2
C10F500,readv2
C108000,readv2
C10EF00,readv2
C10A500,readv2
2G51000,readv2
C10EJ00,readv2
C10zz00,readv2
C104100,readv2
C105y00,readv2
C106.13,readv2
C109612,readv2
C108B11,readv2
C10F411,readv2
C105z00,readv2
2BBR.00,readv2
C109E12,readv2
C108z00,readv2
C10FE11,readv2
2BBF.00,readv2
C10z100,readv2
C109F00,readv2
C108G00,readv2
C10F111,readv2
F372100,readv2
C10EB00,readv2
C10E511,readv2
F464000,readv2
C108y00,readv2
C104y00,readv2
C109600,readv2
C10EF12,readv2
G73y000,readv2
C107.00,readv2
C10EL00,readv2
C10F100,readv2
C10EH00,readv2
C10E512,readv2
C109F12,readv2
F420000,readv2
C10F011,readv2
C10FF00,readv2
C10F611,readv2
2G5E.00,readv2
C107.11,readv2
2832.00,readv2
C10yz00,readv2
C10E300,readv2
C10FE00,readv2
C10EG00,readv2
C10y100,readv2
2BBo.00,readv2
C105100,readv2
C109011,readv2
C105.00,readv2
F3y0.00,readv2
C10z000,readv2
C10F300,readv2
F420300,readv2
C109H00,readv2
C10FG00,readv2
C108511,readv2
2BBV.00,readv2
F372000,readv2
C106y00,readv2
C10EK00,readv2
C107300,readv2
2BBT.00,readv2
C108F00,readv2
C109G12,readv2
C10F000,readv2
2BBk.00,readv2
C108600,readv2
C104000,readv2
2G5I.00,readv2
C108F11,readv2
C10y.00,readv2
C10yy00,readv2
C109C12,readv2
C10EP00,readv2
2G5H.00,readv2
C10F800,readv2
F420500,readv2
C10FR00,readv2
C10E312,readv2
2BBl.00,readv2
C10E100,readv2
C108011,readv2
C10F900,readv2
C10E200,readv2
F420700,readv2
C10F811,readv2
C109B11,readv2
F372.11,readv2
C108J11,readv2
C10E311,readv2
C109611,readv2
2G5C.00,readv2
2G5L.00,readv2
R054200,readv2
C109411,readv2
C10F400,readv2
C109112,readv2
C109012,readv2
C109100,readv2
C109500,readv2
F420z00,readv2
C108B00,readv2
C10FL00,readv2
C10zy00,readv2
2G5J.00,readv2
C10ED00,readv2
C109200,readv2
BBrA111,readv2
BBr6800,readv2
B69..00,readv2
BBr2300,readv2
BBr6300,readv2
BBgP.00,readv2
B602300,readv2
BBr6.00,readv2
BBr6z00,readv2
BBk2.00,readv2
BBr6100,readv2
BBr0400,readv2
BBk7.00,readv2
B627W00,readv2
BBr9000,readv2
BBr2.00,readv2
B62y100,readv2
BBkz.00,readv2
ByuD800,readv2
ByuD200,readv2
B620.00,readv2
B660.00,readv2
B64yz00,readv2
A789700,readv2
B672.11,readv2
AyuC600,readv2
B627600,readv2
BBgC.11,readv2
BBr2011,readv2
B66z.00,readv2
BBr0000,readv2
BBr0111,readv2
BBr..00,readv2
B652.00,readv2
B68..00,readv2
BBr2600,readv2
B661.00,readv2
B620000,readv2
BBr3.00,readv2
B62x.00,readv2
A789600,readv2
BBr6600,readv2
B62x000,readv2
B62y800,readv2
B67..00,readv2
B631.00,readv2
ByuD700,readv2
B651000,readv2
BBgT.00,readv2
ZV10600,readv2
B66y.00,readv2
B602200,readv2
ByuD900,readv2
4M22.00,readv2
B624.12,readv2
B627700,readv2
ByuD500,readv2
B66..00,readv2
B620800,readv2
BBrA400,readv2
ByuDE00,readv2
4M21.00,readv2
BBr0300,readv2
BBm4.00,readv2
BBgz.00,readv2
B64..00,readv2
B64y.00,readv2
B627B00,readv2
B651.00,readv2
4M20.00,readv2
BBr6311,readv2
BBg2.11,readv2
BBg3.00,readv2
B67yz00,readv2
BBg1.00,readv2
BBr0z00,readv2
BBgJ.00,readv2
BBk0.13,readv2
BBg1.11,readv2
BBg7.00,readv2
B64y100,readv2
BBm9.00,readv2
ByuDF11,readv2
BBv0.00,readv2
B672.00,readv2
B620z00,readv2
BBgG.00,readv2
B64z.00,readv2
BBgL.00,readv2
B62y600,readv2
B627.00,readv2
4M2..00,readv2
BBrA100,readv2
ByuD100,readv2
BBgR.00,readv2
B62x600,readv2
ByuDC00,readv2
B62y200,readv2
B620100,readv2
B627900,readv2
B67y000,readv2
BBk..00,readv2
B627800,readv2
B62x100,readv2
B620300,readv2
B641.11,readv2
B640.00,readv2
BBgE.00,readv2
BBr8.00,readv2
BBg8.00,readv2
BBrA500,readv2
BBr2500,readv2
B627C00,readv2
B62y700,readv2
B65..00,readv2
ByuDF00,readv2
B65yz00,readv2
B62y400,readv2
BBmH.00,readv2
BBrA.00,readv2
BBgV.00,readv2
BBgC.00,readv2
BBr6011,readv2
BBr0112,readv2
B651.11,readv2
BBr0200,readv2
B620500,readv2
BBg4.00,readv2
B690.00,readv2
BBr0100,readv2
B62x200,readv2
B62xX00,readv2
B627D00,readv2
BBm5.00,readv2
ByuD600,readv2
B627500,readv2
B68z.00,readv2
B691.00,readv2
B67y.00,readv2
B651z00,readv2
B68y.00,readv2
BBgS.00,readv2
BBr6700,readv2
BBgK.00,readv2
B62yz00,readv2
BBg1000,readv2
B64y200,readv2
B602500,readv2
ZV67811,readv2
B673.00,readv2
BBB1.00,readv2
B602.00,readv2
B65z.00,readv2
BBgG.12,readv2
B67z.00,readv2
B670.00,readv2
B62y.00,readv2
B681.00,readv2
B680.00,readv2
B62y500,readv2
BBgA.00,readv2
ZV10611,readv2
B66..12,readv2
BBr2100,readv2
BBr4.00,readv2
B65y100,readv2
B627000,readv2
B627200,readv2
BBgN.00,readv2
BBgM.00,readv2
B627C11,readv2
B602100,readv2
BBgQ.00,readv2
BBgB.00,readv2
BBr6000,readv2
1429.00,readv2
BBr2700,readv2
BBk0.00,readv2
B62y300,readv2
B642.00,readv2
BBg2.00,readv2
B602z00,readv2
BBr8000,readv2
BBgD.00,readv2
B641.00,readv2
B627X00,readv2
BBrz.00,readv2
BBr0.00,readv2
B627100,readv2
BBg5.00,readv2
B64..11,readv2
B682.00,readv2
BBg..00,readv2
B62y000,readv2
B650.00,readv2
BBr4z00,readv2
BBv2.00,readv2
B627300,readv2
BBr2000,readv2
BBr4000,readv2
ByuD300,readv2
BBr0113,readv2
BBmD.00,readv2
760F400,readv2
A704z00,readv2
C310400,readv2
7609z00,readv2
760C300,readv2
7609y11,readv2
761D800,readv2
760C500,readv2
760F300,readv2
A704.00,readv2
G85..11,readv2
7609.00,readv2
7609300,readv2
7609400,readv2
Eu02500,readv2
Eu00z11,readv2
E001100,readv2
Eu01100,readv2
Eu01z00,readv2
Eu00100,readv2
F111.00,readv2
Eu01111,readv2
Eu01300,readv2
Eu02z11,readv2
Eu00113,readv2
E00..11,readv2
E004300,readv2
E000.00,readv2
Eu02z13,readv2
Eu02200,readv2
E001300,readv2
Eu02400,readv2
E001000,readv2
Eu00z00,readv2
Eu01000,readv2
Eu01.11,readv2
E002.00,readv2
Eu00011,readv2
E001.00,readv2
E002000,readv2
Eu02z16,readv2
Eu01y00,readv2
E004000,readv2
E002z00,readv2
E00..00,readv2
Eu02y00,readv2
F110000,readv2
F110100,readv2
Eu00012,readv2
E004100,readv2
Eu04100,readv2
Eu02100,readv2
E001z00,readv2
Eu02300,readv2
Eu00200,readv2
E004.11,readv2
Eu00111,readv2
E003.00,readv2
Eu01200,readv2
Eu02z14,readv2
E00..12,readv2
Eu00013,readv2
Eu00.00,readv2
Eu00112,readv2
E004z00,readv2
E004200,readv2
Eu02000,readv2
Eu02z00,readv2
Eu02.00,readv2
E001200,readv2
Eu00000,readv2
Eu01.00,readv2
E002100,readv2
E004.00,readv2
H330000,readv2
H564.00,readv2
663e.00,readv2
663..11,readv2
663..12,readv2
66Y9.00,readv2
66YI.00,readv2
H33z.00,readv2
H331.00,readv2
663w.00,readv2
663e100,readv2
8H2P.00,readv2
9OJA.11,readv2
H4yz.00,readv2
9OJ7.00,readv2
H311100,readv2
H332.00,readv2
H312300,readv2
H330.14,readv2
H354.00,readv2
H44..00,readv2
H353.00,readv2
H35y200,readv2
H310100,readv2
H3y..11,readv2
Hyu3000,readv2
H570.00,readv2
H32z.00,readv2
H37..00,readv2
14B4.00,readv2
H330.13,readv2
H331111,readv2
H31..00,readv2
H423.00,readv2
H464100,readv2
66Yl.00,readv2
H4y..00,readv2
H330011,readv2
H334.00,readv2
H355.00,readv2
H35y.00,readv2
66YS.00,readv2
66YQ.00,readv2
H32y200,readv2
H320200,readv2
H57y200,readv2
66YL.11,readv2
H330.12,readv2
66Yd.00,readv2
G41z.11,readv2
663V300,readv2
H464000,readv2
663..00,readv2
H43z.00,readv2
H563.11,readv2
H312.00,readv2
Hyu5100,readv2
H320300,readv2
H460z00,readv2
663q.00,readv2
H440.00,readv2
H55..11,readv2
H33..00,readv2
663W.00,readv2
9OJ3.00,readv2
H3z..00,readv2
663V200,readv2
66YR.00,readv2
66YT.00,readv2
H331000,readv2
H35z.00,readv2
14B3.11,readv2
H310000,readv2
66YL.00,readv2
Hyu4200,readv2
H35y700,readv2
H4y1.00,readv2
H431.00,readv2
H43..00,readv2
H464.00,readv2
H40..00,readv2
H310.00,readv2
H57y400,readv2
H33z200,readv2
H312z00,readv2
9OJ9.00,readv2
H33..11,readv2
H4z..00,readv2
663U.00,readv2
663h.00,readv2
663N000,readv2
9OJ2.00,readv2
H312200,readv2
9OJ8.00,readv2
9OJ..11,readv2
H322.00,readv2
663K.00,readv2
H39..00,readv2
H36..00,readv2
14A6.00,readv2
H34z.00,readv2
66Yi.00,readv2
66Ye.00,readv2
663y.00,readv2
H41..00,readv2
H35zz00,readv2
H331100,readv2
H33z100,readv2
H31z.00,readv2
9OJZ.00,readv2
H464200,readv2
66Yj.00,readv2
H541000,readv2
66YM.00,readv2
H330111,readv2
H4y1z00,readv2
H311z00,readv2
9OJ4.00,readv2
H435.00,readv2
H320z00,readv2
H35z000,readv2
H333.00,readv2
H32yz00,readv2
H351.00,readv2
H35z100,readv2
9OJA.00,readv2
H320.00,readv2
H58y300,readv2
663N.00,readv2
H563100,readv2
H410.00,readv2
H32y000,readv2
H33zz12,readv2
66YJ.00,readv2
663J.00,readv2
H4...11,readv2
H581.00,readv2
H46zz00,readv2
H352.00,readv2
H3z..11,readv2
663N200,readv2
H450.00,readv2
66Yg.00,readv2
66YC.00,readv2
H31yz00,readv2
663P.00,readv2
G581.11,readv2
H312011,readv2
H350.00,readv2
H4y1000,readv2
H35y100,readv2
H463.00,readv2
663x.00,readv2
H422.00,readv2
H31y000,readv2
66Y5.00,readv2
66YL.12,readv2
H3y0.00,readv2
H320000,readv2
H32y100,readv2
663N100,readv2
663t.00,readv2
H352z00,readv2
H4y2.00,readv2
H3y..00,readv2
H434.00,readv2
H320100,readv2
H41z.00,readv2
G400.00,readv2
H357.00,readv2
66YD.00,readv2
H48..00,readv2
H3...00,readv2
H311000,readv2
Hyu3100,readv2
H32..00,readv2
9OJ5.00,readv2
H42z.00,readv2
H330100,readv2
H33z111,readv2
1O2..00,readv2
H330.00,readv2
H55..00,readv2
1O1..00,readv2
H3y1.00,readv2
H312000,readv2
H313.00,readv2
H33z000,readv2
H3...11,readv2
H35y800,readv2
H4yy.00,readv2
9OJ6.00,readv2
66YK.00,readv2
H460.00,readv2
H31y.00,readv2
66YA.00,readv2
173c.00,readv2
H46..00,readv2
H421.00,readv2
Hyu3.00,readv2
H44z.00,readv2
H420.00,readv2
H57y100,readv2
663u.00,readv2
66Yk.00,readv2
H33z011,readv2
663n.00,readv2
663f.00,readv2
663Q.00,readv2
H33z.11,readv2
H433.00,readv2
H32y.00,readv2
H4...00,readv2
66YZ.00,readv2
H356.00,readv2
H462.00,readv2
H330z00,readv2
H46z.00,readv2
H35y600,readv2
H341.00,readv2
H4y2100,readv2
H42..00,readv2
Hyu5000,readv2
H57y000,readv2
Hyu4900,readv2
663V000,readv2
H35..00,readv2
8H2R.00,readv2
H35y500,readv2
H432.00,readv2
H441.00,readv2
663O.00,readv2
H31y100,readv2
9OJ1.00,readv2
Hyu5.00,readv2
H563.00,readv2
H330.11,readv2
H563.12,readv2
H38..00,readv2
H464z00,readv2
663d.00,readv2
H563z00,readv2
663V100,readv2
66YB.00,readv2
H57y300,readv2
663v.00,readv2
Hyu4700,readv2
14B3.00,readv2
663O000,readv2
H310z00,readv2
H33zz00,readv2
H321.00,readv2
66Yh.00,readv2
H331z00,readv2
H32y111,readv2
66YE.00,readv2
66YP.00,readv2
663m.00,readv2
H352100,readv2
663r.00,readv2
H312100,readv2
H34..00,readv2
H410.11,readv2
H35y000,readv2
H4...12,readv2
H582.00,readv2
663j.00,readv2
66Yf.00,readv2
H352000,readv2
H33zz13,readv2
663V.00,readv2
H45..00,readv2
H331.11,readv2
H311.00,readv2
H35yz00,readv2
173A.00,readv2
9OJ..00,readv2
663p.00,readv2
663s.00,readv2
H340.00,readv2
H33zz11,readv2
J615812,readv2
A704000,readv2
J616100,readv2
A702.00,readv2
A707200,readv2
A702000,readv2
A707100,readv2
J615H00,readv2
J615300,readv2
J61z.00,readv2
J615100,readv2
J62..00,readv2
J614z00,readv2
J615z11,readv2
J617.00,readv2
J614100,readv2
J61yz00,readv2
J616200,readv2
J635400,readv2
J615C00,readv2
A703000,readv2
J61y700,readv2
J614y00,readv2
J616000,readv2
J61y100,readv2
J616z00,readv2
J612000,readv2
J635300,readv2
A703.00,readv2
J61y200,readv2
A707000,readv2
J61y800,readv2
J614300,readv2
J613000,readv2
J613.00,readv2
J61y500,readv2
J614111,readv2
J614200,readv2
J635500,readv2
J615.00,readv2
J615z15,readv2
A705100,readv2
J615D00,readv2
J615800,readv2
J615.11,readv2
J635600,readv2
C350012,readv2
J612.00,readv2
J615400,readv2
J614000,readv2
Jyu7100,readv2
A705000,readv2
J616.00,readv2
J612.11,readv2
J61y.00,readv2
J615600,readv2
J610.00,readv2
J61y600,readv2
J615z00,readv2
J63X.00,readv2
J61y400,readv2
J614400,readv2
J630.00,readv2
J63B.00,readv2
J612.12,readv2
J615500,readv2
J614.00,readv2
A70z000,readv2
A707X00,readv2
J615z13,readv2
J615700,readv2
J617000,readv2
A707.00,readv2
J611.00,readv2
J61y300,readv2
J615z12,readv2
J615y00,readv2
G618.00,readv2
Gyu6A00,readv2
G65..12,readv2
Gyu6300,readv2
G64..11,readv2
G63z.00,readv2
G663.00,readv2
Gyu6G00,readv2
G67..00,readv2
G674000,readv2
G677200,readv2
G617.00,readv2
Gyu6100,readv2
Gyu6600,readv2
G61..12,readv2
G675.00,readv2
G600.00,readv2
G621.00,readv2
G65z100,readv2
G616.00,readv2
G640.00,readv2
G65zz00,readv2
G65z000,readv2
G64z111,readv2
14AK.00,readv2
G62z.00,readv2
G6z..00,readv2
G668.00,readv2
G683.00,readv2
G65..13,readv2
G656.00,readv2
G671.00,readv2
G64z200,readv2
G64z000,readv2
663e000,readv2
G6X..00,readv2
G61..00,readv2
G65y.00,readv2
G63y000,readv2
G66..12,readv2
Gyu6500,readv2
G661.00,readv2
G6y..00,readv2
G632.00,readv2
G673000,readv2
G667.00,readv2
ZV12512,readv2
G602.00,readv2
G678.00,readv2
G64..00,readv2
G68..00,readv2
G671000,readv2
G682.00,readv2
G677300,readv2
G670.00,readv2
G66..11,readv2
G61z.00,readv2
G610.00,readv2
Gyu6200,readv2
G680.00,readv2
G622.00,readv2
G641.00,readv2
G677400,readv2
G68X.00,readv2
G67z.00,readv2
G63y100,readv2
G64z400,readv2
G673200,readv2
G654.00,readv2
Gyu6400,readv2
G64..12,readv2
G631.12,readv2
G66..13,readv2
662e.00,readv2
G673300,readv2
G63..11,readv2
662M.00,readv2
G64z300,readv2
G61..11,readv2
G606.00,readv2
G666.00,readv2
G604.00,readv2
G614.00,readv2
G61X100,readv2
G677000,readv2
G641000,readv2
G640000,readv2
G674.00,readv2
G6W..00,readv2
G61X000,readv2
G615.00,readv2
G665.00,readv2
ZV12511,readv2
G65z.00,readv2
G677.00,readv2
G641.11,readv2
G677100,readv2
G679.00,readv2
G67y.00,readv2
G631.00,readv2
G662.00,readv2
G63..00,readv2
G60z.00,readv2
Gyu6F00,readv2
G650.00,readv2
14A7.12,readv2
G620.00,readv2
14AF.00,readv2
G671z00,readv2
G630.00,readv2
G64z100,readv2
G60..00,readv2
G670.11,readv2
G601.00,readv2
G676.00,readv2
G664.00,readv2
G64..13,readv2
G64z.11,readv2
G623.00,readv2
G631.11,readv2
G673100,readv2
G62..00,readv2
G605.00,readv2
G671100,readv2
G681.00,readv2
G65..00,readv2
G64z.12,readv2
G653.00,readv2
G66..00,readv2
G613.00,readv2
G60X.00,readv2
G64z.00,readv2
G61X.00,readv2
G63y.00,readv2
G651.00,readv2
14A7.11,readv2
G611.00,readv2
G634.00,readv2
G612.00,readv2
G6...00,readv2
G660.00,readv2
G603.00,readv2
G650.11,readv2
G633.00,readv2
G676000,readv2
G651000,readv2
G63..12,readv2
G68W.00,readv2
G58z.00,readv2
G580.12,readv2
G21z100,readv2
662T.00,readv2
14AM.00,readv2
G211100,readv2
G210100,readv2
G580.14,readv2
G58..11,readv2
G582.00,readv2
G580000,readv2
G580.11,readv2
G5y4z00,readv2
G580.13,readv2
G580100,readv2
662h.00,readv2
G232.00,readv2
G58z.12,readv2
G580200,readv2
8B29.00,readv2
G581.00,readv2
G580300,readv2
G581000,readv2
8CL3.00,readv2
SP11111,readv2
G581.13,readv2
G580400,readv2
G58z.11,readv2
G234.00,readv2
G58..00,readv2
662g.00,readv2
G580.00,readv2
SP11100,readv2
662i.00,readv2
2833.00,readv2
F240.00,readv2
F234.00,readv2
F241100,readv2
F240000,readv2
F242.00,readv2
2836.00,readv2
F220.00,readv2
2832.11,readv2
F230100,readv2
F241000,readv2
F230000,readv2
F223.11,readv2
F230.11,readv2
2834.00,readv2
283..00,readv2
F222.11,readv2
F230z00,readv2
F22z.00,readv2
F241.00,readv2
F222.00,readv2
F240100,readv2
F141.00,readv2
F24..00,readv2
F231.00,readv2
F240.11,readv2
F221.00,readv2
283Z.00,readv2
2837.00,readv2
2835.00,readv2
F232.11,readv2
F232.00,readv2
F22..00,readv2
F223.00,readv2
F22..11,readv2
65VE.00,readv2
A788.00,readv2
A788500,readv2
B56..00,readv2
A789300,readv2
AyuC.00,readv2
A789100,readv2
43C3.11,readv2
A788300,readv2
A789000,readv2
AyuCD00,readv2
A788100,readv2
A789200,readv2
A789.00,readv2
A789400,readv2
A788X00,readv2
A788200,readv2
A788.11,readv2
65QA.00,readv2
A788z00,readv2
A788y00,readv2
R109.00,readv2
A788U00,readv2
A788400,readv2
A789A00,readv2
A789900,readv2
A788000,readv2
AyuCB00,readv2